"id","name","parent_id","icon"
"6f3c0913-e39f-4446-acdd-17db8aeb7baf","Incoming","","📥"
"6b5e33e1-ec82-4573-92b0-fd5129c82dd4","Outgoing","","📤"
"07e3e6e0-5edb-49fa-b1ed-39e097670cd9","Travel","6b5e33e1-ec82-4573-92b0-fd5129c82dd4","🌏"
"f6f7ff98-bb7e-460d-ae11-4a9f5a5659a4","Shopping","6b5e33e1-ec82-4573-92b0-fd5129c82dd4","🛍️"
"f26d0b45-b769-4242-94cd-f6bda4de74bb","Food & Drink","6b5e33e1-ec82-4573-92b0-fd5129c82dd4","🍽️"
"278ca9e3-5f84-4026-9d9f-e9187df234f7","Health & Wellness","6b5e33e1-ec82-4573-92b0-fd5129c82dd4","❤️"
"af081587-e23b-4187-88c1-5f8e1a928c63","Adjustment","ED3DDDB6-8B31-4E77-A337-056B6DD0032A","🎚️"
"a5542c0b-16d8-4594-977b-4538a3f591a0","ATM Withdrawal","ED3DDDB6-8B31-4E77-A337-056B6DD0032A","🏧"
"15e503b2-b28f-4ef9-8b9e-064b2ec24c3b","Bank Fee","ED3DDDB6-8B31-4E77-A337-056B6DD0032A","🏦"
"ca07d968-abe5-4ab5-8868-39d6bbae9d39","Bars And Nightclubs","f26d0b45-b769-4242-94cd-f6bda4de74bb","🍸"
"51172D61-E25E-40FF-A519-D8B0CBD373DB","Lifestyle","6b5e33e1-ec82-4573-92b0-fd5129c82dd4","✨"
"186d9b38-6124-4811-89d6-b4970700059a","Books, Newsletters, & Newspapers","f6f7ff98-bb7e-460d-ae11-4a9f5a5659a4","📚"
"f43efe0c-0ba1-4a28-9071-e7c90495989a","Buy Now, Pay Later","51172D61-E25E-40FF-A519-D8B0CBD373DB","⏳"
"31adb4c6-3199-42c1-9cf0-4a828b77cf88","Cash Advance Repayment","ED3DDDB6-8B31-4E77-A337-056B6DD0032A","💵"
"499e1216-3142-47b4-a4ed-11cdc1a06c18","Childcare","51172D61-E25E-40FF-A519-D8B0CBD373DB","🧸"
"b3c87990-a047-49e1-a28b-ce3a50737a06","Clothing & Accessories","f6f7ff98-bb7e-460d-ae11-4a9f5a5659a4","👕"
"e4d608f4-511d-4f10-b543-6750f5469ce1","Contribution To Reserve Fund","791BAE73-8D9F-4265-9849-1C453065C7E8","💰"
"fd807b04-8cbe-438e-a3e4-f398e70718b8","Convenience Store","f6f7ff98-bb7e-460d-ae11-4a9f5a5659a4","🏪"
"0d5e55e5-2f3c-48f3-8915-c4ac24056deb","Credit Card Bill","ED3DDDB6-8B31-4E77-A337-056B6DD0032A","💳"
"c45ffc49-bc01-4ad0-bdf9-0753c5e03c0e","Credit Report","ED3DDDB6-8B31-4E77-A337-056B6DD0032A","📄"
"933f5ac9-2882-4216-a6bc-dc1a0e8d2ca3","Debt Collection","ED3DDDB6-8B31-4E77-A337-056B6DD0032A","⚠️"
"8c798ad6-8bea-4ba3-84fd-405332cf4750","Department Or Discount Store","f6f7ff98-bb7e-460d-ae11-4a9f5a5659a4","🏬"
"12447229-0d7e-4cc1-9de2-cc6e333c5e94","Digital Content & Streaming","24a9d23d-0dd0-43d6-ae4c-93213f80097b","📺"
"0f9303fb-36a9-43a5-ae9b-34ef24e581ef","Gifts & Charity","51172D61-E25E-40FF-A519-D8B0CBD373DB","🎁"
"7a717aa0-c18f-4724-9309-4751b894fa04","Drugstore Or Pharmacy","278ca9e3-5f84-4026-9d9f-e9187df234f7","💊"
"c90dffd1-59a9-409a-9718-5999140d4c4f","E-Commerce Purchase","f6f7ff98-bb7e-460d-ae11-4a9f5a5659a4","📦"
"17a59adf-6a01-4337-9a64-1c7b472a7b39","Education","51172D61-E25E-40FF-A519-D8B0CBD373DB","🎓"
"95457cc9-5aee-4132-b3d1-f514f2be97d5","Electronics","f6f7ff98-bb7e-460d-ae11-4a9f5a5659a4","💻"
"24a9d23d-0dd0-43d6-ae4c-93213f80097b","Entertainment","6b5e33e1-ec82-4573-92b0-fd5129c82dd4","🎬"
"4b6581ca-31d4-4fd2-b0fa-8525d5392cc7","Fast Food","f26d0b45-b769-4242-94cd-f6bda4de74bb","🍔"
"2ba59858-468a-4d6a-ad5f-38eeb9ce13ea","Firearms","f6f7ff98-bb7e-460d-ae11-4a9f5a5659a4","🔫"
"86d5ded7-28cc-4694-a2c9-638a697760b4","Gambling","24a9d23d-0dd0-43d6-ae4c-93213f80097b","🎰"
"ca5c7d72-e1c0-4f93-89d1-92ff281198ba","Government & Tax","6b5e33e1-ec82-4573-92b0-fd5129c82dd4","🏛️"
"b1020946-de61-4d86-b658-f8bcaa33a2d0","Home Maintenance","791BAE73-8D9F-4265-9849-1C453065C7E8","🔧"
"e83de4ef-e05b-4219-9a02-70b8590c7cb0","Hotels & Lodging","07e3e6e0-5edb-49fa-b1ed-39e097670cd9","🏨"
"9429bf4d-b900-4023-8100-09e8fce8227f","Insurance","51172D61-E25E-40FF-A519-D8B0CBD373DB","🛡️"
"6294b2ea-2e6f-46b4-a600-181dd45e5e1e","Inter Account Transfer","6b5e33e1-ec82-4573-92b0-fd5129c82dd4","🔁"
"2a57aa97-427e-40a0-8f63-ee70690754d9","Interest Payment","ED3DDDB6-8B31-4E77-A337-056B6DD0032A","🪙"
"8da80501-a891-4e25-953e-18affe600ec7","Intra Account Transfer","6b5e33e1-ec82-4573-92b0-fd5129c82dd4","🔄"
"c8e16523-c9bd-4a11-86e5-588343bbe264","Laundry","51172D61-E25E-40FF-A519-D8B0CBD373DB","🧺"
"24b2036b-63aa-44d8-80a6-b11a399bb37f","Legal Services","51172D61-E25E-40FF-A519-D8B0CBD373DB","⚖️"
"0fc1444c-68ec-42b3-87df-b4d61a927e43","Alcohol, Tobacco & Vaping","f26d0b45-b769-4242-94cd-f6bda4de74bb","🍺"
"6e30828c-59b0-4f3b-8867-d5053b832d1d","Loan Repayment","ED3DDDB6-8B31-4E77-A337-056B6DD0032A","💸"
"642d1c36-10c2-4140-a9e7-d1841931c74c","Medical Bill","278ca9e3-5f84-4026-9d9f-e9187df234f7","🩺"
"c27f3f74-4cc6-45de-89f2-90a6ae5b807c","Missing Account Holder Information","6b5e33e1-ec82-4573-92b0-fd5129c82dd4","❓"
"fad28468-7f26-4d6a-8b1f-01dc2f8fbe86","Mortgage Repayment","791BAE73-8D9F-4265-9849-1C453065C7E8","🏡"
"9107cf6f-e8b1-4c7c-89ee-6891ecd1aec3","Not Enough Information","6b5e33e1-ec82-4573-92b0-fd5129c82dd4","❓"
"1594f804-384d-4a04-a465-717c6448ac1b","Other","6b5e33e1-ec82-4573-92b0-fd5129c82dd4","🔘"
"967dcbe0-fb75-4e07-b452-1df5c30cc966","Overdraft Fee","ED3DDDB6-8B31-4E77-A337-056B6DD0032A","📉"
"22826dbf-13f5-4f75-9647-04d26a0e0e86","Pawn Redeem","ED3DDDB6-8B31-4E77-A337-056B6DD0032A","👛"
"fa74cb3d-ba08-4e55-bfb2-2b920a78265f","Peer To Peer Transfer","ED3DDDB6-8B31-4E77-A337-056B6DD0032A","🤝"
"b20ac619-97a0-4a09-8020-d6137ffd2560","Pets","791BAE73-8D9F-4265-9849-1C453065C7E8","🐾"
"2631e245-3ec8-48ec-8230-5746da248ea0","Prenote","ED3DDDB6-8B31-4E77-A337-056B6DD0032A","📃"
"18c59161-4dfb-483f-8d77-16df3298c21b","Recreational Goods","f6f7ff98-bb7e-460d-ae11-4a9f5a5659a4","🧩"
"d1c93ff5-c304-48ba-bb4b-7e683bb3305e","Remittance","6b5e33e1-ec82-4573-92b0-fd5129c82dd4","📨"
"c1b28755-f543-4efb-a1f4-6f87fa7786b5","Rent","791BAE73-8D9F-4265-9849-1C453065C7E8","🏘️"
"8042f560-f93e-441a-8d9b-c210cf8dfc84","Rent-To-Own","791BAE73-8D9F-4265-9849-1C453065C7E8","🔑"
"0fff13df-9032-45e7-acca-3139f01c993b","Retirement Contribution","6b5e33e1-ec82-4573-92b0-fd5129c82dd4","🪺"
"34c53696-148c-46c8-ad72-a3d9782d4689","Reversal","6b5e33e1-ec82-4573-92b0-fd5129c82dd4","↩️"
"e404caaa-4e2b-42e1-84d5-a6bde0319e7f","Wellness","278ca9e3-5f84-4026-9d9f-e9187df234f7","🧘"
"c9e1fc38-70b3-4517-82e2-a53bdea540d2","Apps & Subscriptions","51172D61-E25E-40FF-A519-D8B0CBD373DB","📱"
"b6b02d18-a6ab-4e82-be1b-132b62f8f1b9","Sport And Fitness","278ca9e3-5f84-4026-9d9f-e9187df234f7","🏋️"
"3a2d7c55-0394-4338-be02-a4b88888365c","Student Loan Repayment","6b5e33e1-ec82-4573-92b0-fd5129c82dd4","🧑‍🎓"
"48124449-26e0-4da6-a7a3-b27c108296ff","Tax Payments","6b5e33e1-ec82-4573-92b0-fd5129c82dd4","🧾"
"2EFE7BCF-E5C6-4A17-B4BD-2999B363EF16","Tax Prep","6b5e33e1-ec82-4573-92b0-fd5129c82dd4","🗂️"
"92f938f5-eeb7-4de7-be52-0919b414ed62","Teller Withdrawal","6b5e33e1-ec82-4573-92b0-fd5129c82dd4","💵"
"6e97a1b6-bbf8-4849-9673-590a6810b570","Crypto","7ca8dc31-abfe-44be-8c24-7ff4ce2181d1","🪙"
"7ca8dc31-abfe-44be-8c24-7ff4ce2181d1","Investments","6b5e33e1-ec82-4573-92b0-fd5129c82dd4","📊"
"e4d456df-0567-416a-ba4a-3f8178f83a11","Stocks","7ca8dc31-abfe-44be-8c24-7ff4ce2181d1","📈"
"7E9C7BF0-F0CA-4998-B92B-8F597B5BD15D","Transportation","6b5e33e1-ec82-4573-92b0-fd5129c82dd4","🚗"
"dd9ef4e3-dcb3-4f27-a121-0a0af83a5b27","Utilities","791BAE73-8D9F-4265-9849-1C453065C7E8","⚡"
"d944a871-07dd-47b7-b3c3-9680a7a5173b","Vending Machine","6b5e33e1-ec82-4573-92b0-fd5129c82dd4","🥤"
"879b79d5-01c4-485c-aa6e-360a09a8c72e","Atm Deposit","6f3c0913-e39f-4446-acdd-17db8aeb7baf","🏧"
"216e4679-5ac2-4d9f-bb6d-611499047b4b","Benefits","6f3c0913-e39f-4446-acdd-17db8aeb7baf","🎁"
"7b2fc3a3-0f82-4dfe-8326-13311d4ee9f6","Cash Advance","6f3c0913-e39f-4446-acdd-17db8aeb7baf","💵"
"831ad155-8a75-4841-a66c-e6bbc6c4c430","Cashback","6f3c0913-e39f-4446-acdd-17db8aeb7baf","🪙"
"5fd2cee0-7bca-47ed-ae15-e1603cf930aa","Chargeback","6f3c0913-e39f-4446-acdd-17db8aeb7baf","↩️"
"b273f85f-442c-4183-9276-b049827f481d","Freelance Income","6f3c0913-e39f-4446-acdd-17db8aeb7baf","💼"
"ba70ffb8-72db-4d59-9fec-dff04079f86d","Gambling Income","6f3c0913-e39f-4446-acdd-17db8aeb7baf","🎰"
"41e25d8f-3255-4475-b5d2-6b1644156622","Grant Or Stipend","6f3c0913-e39f-4446-acdd-17db8aeb7baf","🎁"
"b05e4406-a7d7-43f2-b668-207449550804","Insurance Payout","6f3c0913-e39f-4446-acdd-17db8aeb7baf","🛡️"
"9035ba46-d7d7-4cd5-aed1-5c8f0e9e51c8","Interest Earned","6f3c0913-e39f-4446-acdd-17db8aeb7baf","💰"
"f1b9eb4b-7485-4f5f-9f69-cc37d923ce32","Loan Disbursement","6f3c0913-e39f-4446-acdd-17db8aeb7baf","💵"
"3915fed1-14ef-4677-a925-1af73f15eb19","Pawn Loan","6f3c0913-e39f-4446-acdd-17db8aeb7baf","👛"
"4966ba06-f39b-41cf-b58e-89d78b33c9fd","Paycheck","6f3c0913-e39f-4446-acdd-17db8aeb7baf","💵"
"b4f1fd03-81aa-49a5-973c-a57ab828ea1d","Rental Income","6f3c0913-e39f-4446-acdd-17db8aeb7baf","🏘️"
"7d077e29-289b-427b-83f7-bf2de02faa21","Refund","6f3c0913-e39f-4446-acdd-17db8aeb7baf","↩️"
"2a6f9e7a-7c3b-4e7e-bf96-acad4fd1edd6","Rideshare Or Delivery Income","6f3c0913-e39f-4446-acdd-17db8aeb7baf","🛵"
"810b8d97-7b0a-4c46-87ce-4289aa2cb7c8","Dividends","6f3c0913-e39f-4446-acdd-17db8aeb7baf","📈"
"ecc98199-d8d2-49dc-a44a-8b38d382704f","Tax Refund","6f3c0913-e39f-4446-acdd-17db8aeb7baf","↩️"
"4bed1230-d290-44d4-8790-85726eb5ac82","Teller Deposit","6f3c0913-e39f-4446-acdd-17db8aeb7baf","💵"
"6884c473-bc06-4fbc-8402-e232d0612caa","Transfer From Crypto Broker","6f3c0913-e39f-4446-acdd-17db8aeb7baf","🔁"
"ce153416-fd8c-47fe-adc6-aabe17df2052","Transfer From Investment App","6f3c0913-e39f-4446-acdd-17db8aeb7baf","🔁"
"3316d691-09de-494a-8a56-c84f7d76ae3b","Transfer From Stock Broker","6f3c0913-e39f-4446-acdd-17db8aeb7baf","🔁"
"7fc0cb32-bd3a-49b1-8a87-75c20ac1de0b","Coffee Shop","f26d0b45-b769-4242-94cd-f6bda4de74bb","☕"
"df638637-452d-4604-be0a-bad7cd332af5","Food Delivery","f26d0b45-b769-4242-94cd-f6bda4de74bb","🛵"
"a362513e-58ca-41b6-a5c0-e1dbd202d504","Groceries","791BAE73-8D9F-4265-9849-1C453065C7E8","🛒"
"5fb792a9-0045-4639-a3c6-edc156ccc177","Cafés & Restaurants","f26d0b45-b769-4242-94cd-f6bda4de74bb","🍝"
"51eefe6d-d029-4504-99ac-1a6a0a98250e","Airfare","07e3e6e0-5edb-49fa-b1ed-39e097670cd9","✈️"
"8be1a941-6ab0-4c6c-bfdf-8974230318a9","Auto Lease Payment","7E9C7BF0-F0CA-4998-B92B-8F597B5BD15D","🚙"
"ae3cbcb0-0abd-4057-8b1c-f619acf2b81e","Auto Loan Repayment","7E9C7BF0-F0CA-4998-B92B-8F597B5BD15D","🚗"
"db438e54-47a2-447f-a73b-bbfc67a393f8","EV Charging","7E9C7BF0-F0CA-4998-B92B-8F597B5BD15D","🔌"
"a5686b19-a484-40d4-9f03-a7819a0e04ae","Fuel","7E9C7BF0-F0CA-4998-B92B-8F597B5BD15D","⛽"
"8a0f7f6c-c9b3-4de0-b397-ed5f89522c22","Parking","7E9C7BF0-F0CA-4998-B92B-8F597B5BD15D","🅿️"
"754afd10-c567-4791-bad8-41586dc5978a","Other Transport","7E9C7BF0-F0CA-4998-B92B-8F597B5BD15D","🚘"
"c6178482-0efa-44dd-8add-15dbb20a09df","Public Transport","7E9C7BF0-F0CA-4998-B92B-8F597B5BD15D","🚌"
"cfc18400-14ce-401b-8855-da267c201933","Taxis & Rideshare","7E9C7BF0-F0CA-4998-B92B-8F597B5BD15D","🚕"
"635f3b24-a889-40bc-aa47-0a67e6e2222a","Tolls","7E9C7BF0-F0CA-4998-B92B-8F597B5BD15D","🛣️"
"9e18b1ca-143c-4611-acc4-ab6f356b48af","Towing Charge","7E9C7BF0-F0CA-4998-B92B-8F597B5BD15D","🚛"
"791BAE73-8D9F-4265-9849-1C453065C7E8","Home","6b5e33e1-ec82-4573-92b0-fd5129c82dd4","🏠"
"cd4ec9b4-de20-496e-b01a-ef20eae4586d","Vehicle Maintenance","7E9C7BF0-F0CA-4998-B92B-8F597B5BD15D","🛠️"
"EFD8E440-E890-40C9-9B45-1764DFEEA2A2","Hair & Beauty","278ca9e3-5f84-4026-9d9f-e9187df234f7","💇"
"c58ed711-9e00-4fef-8451-0f21afa677fc","Furniture, homeware, & appliances","f6f7ff98-bb7e-460d-ae11-4a9f5a5659a4","🛋️"
"99a1bfad-d4c9-4858-a478-3baa3a937900","Rates & Insurance","6b5e33e1-ec82-4573-92b0-fd5129c82dd4","🛡️"
"ED3DDDB6-8B31-4E77-A337-056B6DD0032A","Banking","6b5e33e1-ec82-4573-92b0-fd5129c82dd4","🏦"
