"name","website_url","id","icon_url","address","latitude","longitude","category_id","parent_id","background_colour","colour","apple_place_id","google_place_id","mcc","transaction_text_regexp","transaction_text_examples"
"Asda","https://www.asda.com","10f25071-9bbe-4752-96b6-b01a1fd6f5bb","asda.com.jpg","","","","a362513e-58ca-41b6-a5c0-e1dbd202d504","","","","","","5411","(?i)^ASDA\b","[`ASDA HOME DELIVERY`, `ASDA HOME DELIVERY GBR`, `ASDA STORES, HAYDON GB`, `ASDA SUPERSTORE, BEDMINSTER GB`, `ASDA GROCERIES ONL`, `ASDA STORES LTD 5868 GRANGEMOUTH GBR`, `ASDA STORES 4777 FILTON GBR`, `ASDA STORES 4218 BURY ST EDMUN GBR`, `ASDA STORE LONGSIGHT GBR`, `ASDA STORES PARK ROYAL GBR`, `ASDA HOME DELIVERY, GB`, `ASDA SUPERSTORE BEDMINSTER GBR`, `ASDA SUPERSTORE, ADEL GB`, `ASDA STORE`, `ASDA STORES, FELTHAM GB`, `ASDA SUPERSTORE ISLE OF DOGS GB`, `ASDA SUPERSTORE 41, BOURNEMOUTH`, `ASDA SUPERSTORE 4159 BOURNEMOUTH GBR`, `ASDA STORES 4777`, `ASDA SUPERSTORE BURGH HEATH`, `ASDA STORES FELTHAM`, `ASDA STORES SHIPLEY`, `ASDA STORES EASTLANDS GB`, `ASDA GEORGE COM LE`, `ASDA SUPERSTORE 04236 TELFORD GBR`, `ASDA STORES LONDON`, `ASDA STORES 4876 LEWISHAM GBR`, `ASDA STRS ST HELEN`, `ASDA STORE HAYES GREATER LONDON`, `ASDA STORE LEWISHAM LEWISHAM`]"
"ASOS","https://www.asos.com","7e877268-a228-4faa-8bc5-5c0f2884e1b3","asos.com.jpg","","","","b3c87990-a047-49e1-a28b-ce3a50737a06","","","","","","5651","(?i)^ASOS\b","[`ASOS`, `ASOS.COM`]"
"B&M","https://www.bmstores.co.uk","9d54e01a-1075-4ac0-ae06-eb9ba47562bc","bmstores.co.uk.jpg","","","","8c798ad6-8bea-4ba3-84fd-405332cf4750","","","","","","5331","(?i)(?:^(?:B ?& ?M|B AND M|BM) (?:RETAIL|STORES)|^BARGAINS GALORE)","[`B&M RETAIL LTD LICHFIELD GBR`, `B&M STORES`, `B&M RETAIL LTD SHEFFIELD GBR`, `B&M RETAIL`, `B&M RETAIL LTD MARKHAM RD GB`, `B&M RETAIL LTD, LICHFIELD`, `B AND M RETAIL LTD, COWLEY GB`, `B&M RETAIL LTD PARK CENTRE GB`, `B & M RETAIL STOKE ON TREN GBR`, `B AND M RETAIL LTD, EDINBURGH GB`, `B&M RETAIL LTD EDINBURGH GBR`, `B & M RETAIL EDINBURGH GBR`, `B&M RETAIL LTD REDCARD GBR`, `BM RETAIL`, `B & M STORES LUTON BEDS`, `B&M RETAIL HS PEEL CENTR GB`, `B AND M RETAIL LTD, HINCKLEY GB`, `BARGAINS GALORE`, `B & M RETAIL, FORFAR`, `B&M RETAIL ROMFORD GB`, `B & M RETAIL HAYES GBR`, `B&M RETAIL LTD HAYMARKET`, `B&M RETAIL LTD WISHAW GB`, `B&M RETAIL LTD MARKHAM RD`, `B & M RETAIL LIVERPOOL GBR`, `B&M RETAIL LTD CHORLEY GBR`, `B&M RETAIL LTD LICHFIELD GB`, `B&M RETAIL LTD ORMSKIRK GBR`, `B & M RETAIL BISHOP'S STOR GBR`, `B AND M RETAIL LTD, CHEADLE GB`]"
"Boots","https://www.boots.com","8acd4d78-d656-4034-b663-fcc8be2081fa","boots.com.jpg","","","","7a717aa0-c18f-4724-9309-4751b894fa04","","","","","","5912","(?i)^BOOTS\b","[`BOOTS 2817 LONDON GBR`, `BOOTS, BRISTOL`, `BOOTS THE CHEMISTS`, `BOOTS, 0803`, `BOOTS 0884`, `BOOTS 0296, BRIDGEND GB`, `BOOTS 0707`, `BOOTS, 0803 LONDON GBR`, `BOOTS 1200`, `BOOTS THE CHEMIST BROMLEY`, `BOOTS.COM`, `BOOTS 1126`, `BOOTS, ISLINGTON`, `BOOTS, LONDON`, `BOOTS 0810`, `BOOTS 1067`, `BOOTS LONDON`, `BOOTS 2089`, `BOOTS THE`, `BOOTS/0680`, `BOOTS THE CHEMIST HOUNSLOW`, `BOOTS, TRAFFORD CNTR`, `BOOTS 2012`, `BOOTS 1014`, `BOOTS THE CHEMIST GATWICK`, `BOOTS 1984`, `BOOTS 0323 CARDIFF GBR`, `BOOTS.COM NOTTINGHAM UK NOTTINGHAM`, `BOOTS 1200 MANCHESTER GBR`, `BOOTS 0300`]"
"British Airways","https://britishairways.com","8b0f80df-e06b-47b6-9682-77e2e1d287e6","britishairways.com.png","","","","51eefe6d-d029-4504-99ac-1a6a0a98250e","","","#004bbd","","","4511","(?i)(?:BA INFLIGHT|^BRITISH AIRWAYS)","[`BRITISH AIRWAYS GB DIRE WEST DRAYTON`, `BA INFLIGHT SALES IAG C HARMONDSWORTH`, `BRITISH AIRWAYS AT DIRE AUSTRIA`]"
"BT","https://www.bt.com","5f893607-43b2-4be9-9c44-843d6fbdc7a4","bt.com.jpg","","","","dd9ef4e3-dcb3-4f27-a121-0a0af83a5b27","","","","","","4814","(?i)(?:^BT GROUP|BRITISH TELECOM)","[`BRITISH TELECOM`]"
"Clearpay","https://www.clearpay.co.uk","6ba32e22-be3d-4a07-833f-574d4c1dbae8","clearpay.co.uk.jpg","","","","f43efe0c-0ba1-4a28-9071-e7c90495989a","","","","","","","(?i)CLEARPAY","[`CLEARPAY`]"
"Co-op","https://www.coop.co.uk","e389d6e9-f8d0-4f45-8590-907baf6691f4","coop.co.uk.jpg","","","","a362513e-58ca-41b6-a5c0-e1dbd202d504","","","","","","5411","(?i)^(?:THE SOUTHERN )?CO-?OP(?:ERATIVE)?\b","[`CO-OP GROUP FOOD`, `CO-OP GROUP FOOD LONDON GBR`, `CO-OP GROUP FOOD RETAI LONDON GBR`, `CO-OP GROUP FOOD RETAI ANSTRUTHER GBR`, `CO-OP GROUP FOOD RETAI BRISTOL GBR`, `CO-OP GROUP FOOD RETAI PINXTON GBR`, `CO-OP GROUP 011831, KEGWORTH`, `THE SOUTHERN CO-OP`, `CO-OP FOOD ............ GBR`, `CO-OP GROUP FOOD RETAI SOUTHAMPTON GBR`, `CO-OP LUDGATE CIRCUS LONDON`, `CO-OP GROUP 070798`, `CO-OP GROUP FOOD, LONDON GB`, `CO-OP GROUP 108163 ELLESMERE POR GB`, `CO-OP GROUP FOOD RETAI MANCHESTER GBR`, `CO-OP GROUP FOOD RETAI GLASGOW GBR`, `CO-OP HEDGE END - LOWER SOUTHAMPTON`, `CO-OP GROUP 070273, ROYTON (SF) GB`, `CO-OP GROUP FOOD CARDIFF GBR`, `CO-OP GROUP 065981`, `CO-OP GROUP 010424`, `CO-OP GROUP 108018`, `CO-OP GROUP 070778`, `CO-OP GROUP FOOD SURBITON GBR`, `CO-OPERATIVE FOOD, UPPER RISSING`, `CO-OP GROUP 070284, MANCHESTER WE`, `CO-OP GROUP 310653 PARK GATE`, `CO-OP PUTNEY - LONDON LONDON`, `CO-OP GROUP 010431`, `CO-OP GROUP 108374`]"
"Costa Coffee","https://www.costa.co.uk","d95d2cc9-ced2-44a7-9d81-6a2c5c7d33fd","costa.co.uk.jpg","","","","7fc0cb32-bd3a-49b1-8a87-75c20ac1de0b","","","","","","5814","(?i)^COSTA COFFEE\b","[`COSTA COFFEE BATH`, `COSTA COFFEE LONDON E1`]"
"Deliveroo","https://deliveroo.co.uk","8de45cbc-e697-487e-8f79-4537d298d7b8","deliveroo.co.uk.jpg","","","","df638637-452d-4604-be0a-bad7cd332af5","","","","","","5812","(?i)^DELIVEROO","[`DELIVEROO`, `DELIVEROO.CO.UK LONDON`, `DELIVEROO.FR`]"
"easyJet","https://easyjet.com","086674f3-6a2b-4713-8a39-84ea3fd45fea","easyjet.com.png","","","","51eefe6d-d029-4504-99ac-1a6a0a98250e","","","#fe651c","","","4511","(?i)EASYJET","[`EASYJET*EASYJET ABCD1EF LUTON`]"
"EE","https://ee.co.uk","a21f99b0-a617-4f35-a0f3-f7d43586d0a7","ee.co.uk.jpg","","","","dd9ef4e3-dcb3-4f27-a121-0a0af83a5b27","","","","","","4814","(?i)EE LIMITED","[`EE LIMITED`]"
"Financial Times","https://ft.com","33176948-4d25-4e6a-aed7-800c62a6f3fd","ft.com.png","","","","186d9b38-6124-4811-89d6-b4970700059a","","","","","","5968","(?i)FINANCIAL TIMES","[`FINANCIAL TIMES 123456  LONDON`, `THE FINANCIAL TIMES`]"
"Fortnum & Mason","https://fortnumandmason.com","ae4ba8f7-5469-4a4d-bfe1-90b37100d401","fortnumandmason.com.png","","","","5fb792a9-0045-4639-a3c6-edc156ccc177","","","#6ac8ba","","","5311","(?i)^FORTNUM","[`FORTNUM & MASON         LONDON`, `FORTNUM AND MASON PLC   LONDON`]"
"GAIL's","https://gails.com","35fb235f-66d2-49e3-8176-4f8b4fd88812","gails.com.png","","","","5fb792a9-0045-4639-a3c6-edc156ccc177","","","#ce142c","","","5462","",""
"GAIL's - Blackfriars","https://gails.com/pages/blackfriars","acb65cef-4d55-4cf2-8fa5-cc73ac7119e9","","3 Blackfriars Road, London SE1 9JU","51.506912","-0.104342","","35fb235f-66d2-49e3-8176-4f8b4fd88812","","","IF32895E527E7B646","ChIJNaMI0hEFdkgRIu7CqYZym30","5462","(?i)^GAILS BLACKFRIARS","[`GAILS BLACKFRIARS, LONDON`]"
"GAIL's - The Cut","https://gails.com/pages/the-cut","7c1458cd-7618-45bd-9dd0-8d5fef653c42","","73 The Cut, London SE1 8LL, UK","51.50268060000001","-0.1081412","","35fb235f-66d2-49e3-8176-4f8b4fd88812","","","I755691E0CD14025","ChIJW_b_SmUFdkgRXdN_nSU2iiI","5462","(?i)^GAILS THE CUT","[`GAILS THE CUT, LONDON`, `GAILS THE CUT           LONDON`]"
"Gordon Ramsay Restaurants","https://gordonramsayrestaurants.com","144c67dc-62a1-4586-a2fe-38658ae7aa10","gordonramsayrestaurants.com.png","","","","5fb792a9-0045-4639-a3c6-edc156ccc177","","","","","","5812","(?i)(?:BREAD STREET KITCHEN|RIVER RESTAURANT BY GOR)","[`BREAD STREET KITCHEN ST LONDON`, `BREAD STREET KITCHEN ST PAULS`, `RIVER RESTAURANT BY GOR LONDON`]"
"Greggs","https://www.greggs.com","f18ae855-5db3-4bba-b4eb-1ca6bfe1e4ec","greggs.com.jpg","","","","4b6581ca-31d4-4fd2-b0fa-8525d5392cc7","","","","","","5462","(?i)^GREGGS\b","[`GREGGS MANCHESTER GBR`, `GREGGS PLC, LONG EATON GB`, `GREGGS GLASGOW GBR`, `GREGGS EDINBURGH GBR`, `GREGGS NEWCASTLE GBR`, `GREGGS PLC, LUTON`, `GREGGS LONDON GB`, `GREGGS PLC WORKINGTON`, `GREGGS LEEDS GBR`, `GREGGS BRISTOL GBR`, `GREGGS CARDIFF GBR`, `GREGGS THORNBURY GBR`, `GREGGS LIVERPOOL GBR`, `GREGGS BELFAST GBR`, `GREGGS PLC, LEEDS GB`, `GREGGS CLAPHAM JUNCT GBR`, `GREGGS PLC, BRIDGEND GB`, `GREGGS PLC, NEWPORT GB`, `GREGGS STRATFORD GBR`, `GREGGS PLC, STAPLEFORD GB`, `GREGGS EPSOM GBR`, `GREGGS NEWCASTLE UPO GBR`, `GREGGS, LONDON EARLS GB`, `GREGGS MIDDLESBROUGH GBR`, `GREGGS LEATHERHEAD GBR`, `GREGGS PLC, MANCHESTER GB`, `GREGGS, LONDON GB`, `GREGGS PLC LIVERPOOL GB`, `GREGGS BASINGSTOKE GBR`, `GREGGS PLC, MANCHESTER`]"
"Harrod's","https://harrods.com","41abfb3f-d56e-4394-931c-e54f6e619bab","harrods.com.png","","","","18c59161-4dfb-483f-8d77-16df3298c21b","","","","","","5311","(?i)^HARRODS","[`HARRODS LIMITED         LONDON`, `HARRODS LTD, GBP`, `HARRODS HEATHROW T5, AUD`]"
"Heathrow Express","https://heathrowexpress.com","03837ff9-db70-45fc-88fa-1b4f3354240d","heathrowexpress.com.png","","","","c6178482-0efa-44dd-8add-15dbb20a09df","","","","","","4111","(?i)HEATHROW ?EXPRE","[`WWW.HEATHROWEXPRES,07730147935`, `HEATHROW EXPRESS`, `HEATHROW EXPRESS HOUNSLOW GBR`, `HEATHROW EXPRESS, HOUNSLOW`, `HEATHROW EXPRESS TOM PADDINGTON GBR`, `HEATHROW EXPRESS HOUNSLOW GB`, `HEATHROW EXPRE, LONDON`, `HEATHROWEXPRESS.CO 07730147935 GBR`, `HEATHROW EXPRESS LONDON GB`, `HEATHROWEXPRESS.CO 07730147935, GB, HEATHROWEXPRESS.CO`, `HEATHROWEXPRES`, `HEATHROW EXPRESS TOM CE LONDON`, `HEATHROW EXPRESS TOD WE LONDON`, `HEATHROW EXPRESS T5 LUL LONDON`, `HEATHROW EXPRESS, 0845 6041515 GB`, `HEATHROW EXPRESS 0845 6041515`, `HEATHROW EXPRESS OPER`, `HEATHROWEXPRES, 07730147935`, `TICKETS.HEATHROWEXPRES HOUNSLOW GBR`]"
"Itsu","https://itsu.com","673691d3-9354-4a5e-a9af-41f74f5d7ef6","itsu.com.jpg","","","","5fb792a9-0045-4639-a3c6-edc156ccc177","","","#ffdc00","","","5814","",""
"Just Eat","https://www.just-eat.co.uk","b73f76a6-9c23-4d63-a4d3-10af2f26f323","just-eat.co.uk.jpg","","","","df638637-452d-4604-be0a-bad7cd332af5","","","","","","5812","(?i)(?:JUST ?-?EAT|TAKEAWAY\.JE)","[`JUST EAT`, `JUST EAT.CO.UK 0208 7362006`, `JUST EAT LONDON`, `JUST EAT, LONDON GREAT BRITAIN`, `JUST-EAT.CO.UK, 02067 362061 GB`, `JUST-EAT.CO.UK`, `JUST EAT.CO.UK LTD`, `JUST EAT.CO.UK, 0208 7362006 GREAT BRITAIN`, `JUST-EAT.CO.UK, 02067 362061`, `TAKEAWAY.JE`, `JUST-EAT.CO.UK JUST-EA`, `JUST-EAT.CO.UK 02067 362061 GB`, `JUST-EAT.CO.UK 02067 362061`, `JUST-EAT.CO.UK, 02067 362061 GREAT BRITAIN`, `IAP JUST EAT LONDON`, `JUST EAT SEGURO, MADRID`, `JUST EAT.CO.UK LONDON GB`, `JUST EAT, LONDON GB, REFUND`, `JUST EAT, LONDON, GBR`, `JUST EAT.CO.UK LONDON GBR`, `JUST EAT ALLORE PARIS 15 FRA`, `PAY JUST EAT.`, `JUST EAT, LONDON, GB`, `TAKEAWAY.JE LONDON GB`, `JUST EAT LONDON GB 0211`, `JUST EAT LONDON GB 1375`, `JUST EAT LONDON GB 2499`, `JUST EAT LONDON GB 6975`, `JUST EAT.CO.UK LTD LONDON GBR`]"
"Lidl","https://www.lidl.co.uk","82e41e46-42bc-41ea-82d7-b908256d3f88","lidl.co.uk.jpg","","","","a362513e-58ca-41b6-a5c0-e1dbd202d504","","","","","","5411","(?i)^LIDL\b","[`LIDL UK, LONDON`, `LIDL UK LONDON`, `LIDL UK LONDON LONDON GBR`, `LIDL UK, MANCHESTER`, `LIDL UK WORCESTER GB`, `LIDL UK NOTTINGHAM GBR`, `LIDL UK BRISTOL GBR`, `LIDL UK STOCKWELL GBR`, `LIDL UK LONDON 7 SIS`, `LIDL UK, SOUTHAMPTON GB`, `LIDL UK LEIWSHAM GBR`, `LIDL UK, READING GB`, `LIDL UK, EDINBURGH GB`, `LIDL UK CARDIFF GBR`, `LIDL UK NOTTINGHAM GB`, `LIDL UK STOCKTON ON T GBR`, `LIDL UK EDINBURGH`, `LIDL UK BALHAM GBR`, `LIDL UK, ROYTON GB`, `LIDL UK BIRMINGHAM GBR`, `LIDL - 1176, ALNWICK`, `LIDL UK, ABERDEEN GB`, `LIDL UK GLASGOW GBR`, `LIDL UK DUNDEE GBR`, `LIDL UK STOCKTON ON T GB`, `LIDL UK LONDON, LONDON`, `LIDL UK, ORPINGTON GB`, `LIDL UK PORTSMOUTH GBR`, `LIDL UK PORT GLASGOW GBR`, `LIDL UK HALTON GBR`]"
"Marks & Spencer","https://www.marksandspencer.com","63e1c02d-2cf2-4379-946c-54f62db28237","marksandspencer.com.jpg","","","","8c798ad6-8bea-4ba3-84fd-405332cf4750","","","","","","5311","(?i)^MARKS ?(?:&|AND) ?SPENCER","[`MARKS&SPENCER PLC SACA LONDON GBR`, `MARKS&SPENCER PLC SF BANKSIDE GBR`, `MARKS&SPENCER PLC SACA STRATFORD GBR`, `MARKS&SPENCER PLC SACA YORK GB`, `MARKS&SPENCER PLC FINSBURY GBR`, `MARKS & SPENCER - FINSB LONDON`, `MARKS & SPENCER PLC ST LONDON`, `MARKS & SPENCER - LEAMI LONDON`, `MARKS & SPENCER - DIREC SALFORD`, `MARKS AND SPENCER PLC, INTERNET GB`, `MARKS&SPENCER PLC NEW CHANGE GBR`, `MARKS & SPENCER - BISHO LONDON`, `MARKS & SPENCER - SOUTH LONDON`, `MARKS & SPENCER MILTON MILTON KEYNES`, `MARKS&SPENCER PLC INTERNET GBR`, `MARKS AND SPENCER PLC, SF, CHANCERY LANE GB`, `MARKS&SPENCER PLC LONDON GBR`, `MARKS & SPENCER PL`, `MARKS & SPENCER - STRAT LONDON`, `MARKS&SPENCER PLC COVENT GARDEN GBR`, `MARKS & SPENCER PLC LONDON`, `MARKS&SPENCER PLC HAMMERSMITH GBR`, `MARKS & SPENCER - HAMME LONDON`, `MARKS & SPENCER - CAMDE LONDON`, `MARKS AND SPENCER PLC, SF, COVENTRY GB`, `MARKS & SPENCER - KENSI LONDON`, `MARKS & SPENCER - BROML BROMLEY`, `MARKS & SPENCER -GREEN LONDON`, `MARKS & SPENCER - THE M LONDON`, `MARKS & SPENCER-NEW CHA LONDON`]"
"Morrisons","https://groceries.morrisons.com","354d3c00-9017-44b4-a05e-481034d75a93","groceries.morrisons.com.jpg","","","","a362513e-58ca-41b6-a5c0-e1dbd202d504","","","","","","5411","(?i)MORRISONS\b","[`W M MORRISONS DROITWICH GB`, `W M MORRISONS PLC STROOD 140 GBR`]"
"O2","https://www.o2.co.uk","9029a9fa-86dd-4267-a6c0-21b57c507022","o2.co.uk.jpg","","","","dd9ef4e3-dcb3-4f27-a121-0a0af83a5b27","","","","","","4814","(?i)(?:^O2\b|TELEFONICA UK)","[`TELEFONICA UK`]"
"Pret A Manger","https://www.pret.com","9105a438-ceab-425e-9fea-18def1785a52","pret.com.jpg","","","","4b6581ca-31d4-4fd2-b0fa-8525d5392cc7","","","","","","5814","(?i)PRET A MANGER","[`PRET A MANGER`, `PRET A MANGER 192 BISHOPSGA`, `PRET A MANGER 556 OXFORD ST`, `PRET A MANGER-GRAYS INN LONDON`, `PRET A MANGER HAYES`, `PRET A MANGER #020 NEW YORK NY`, `PRET A MANGER #036 CHICAGO IL`, `PRET A MANGER #0033 WASHINGTON DC`]"
"Sainsbury's","https://www.sainsburys.co.uk","fb2339a8-8626-4948-95a5-c2b8e64e5283","sainsburys.co.uk.jpg","","","","a362513e-58ca-41b6-a5c0-e1dbd202d504","","","","","","5411","(?i)^SAINSBURY'?S?\b","[`SAINSBURY'S SPRMRKTS LT LONDON`, `SAINSBURYS SMKTS`, `SAINSBURYS SACAT (4990 SHOREDITCH GBR`, `SAINSBURYS S/MKT`, `SAINSBURYS LOCAL`, `SAINSBURYS SACAT 0506 BALHAM GBR`, `SAINSBURYS SACAT (4342 GOODMANS FIEL GBR`, `SAINSBURYS SACAT 4986 LONDON EC1Y GBR`, `SAINSBURYS SACAT 4591 HACKNEY GBR`, `SAINSBURYS SACAT 4534 LONDON GBR`, `SAINSBURYS SACAT 4021 BATTERSEA PK GBR`, `SAINSBURYS SACAT (4846 QUARTERMILE GBR`, `SAINSBURYS SACAT 2029 TOOTING GBR`, `SAINSBURYS SACAT (4286 THE STRAND GBR`, `SAINSBURYS SACAT 4995 FULHAM GBR`, `SAINSBURYS S/MKTS EMERSONS GREE`, `SAINSBURY INTERNET`, `SAINSBURYS SACAT 4042 BROMPTON RD GBR`, `SAINSBURYS SACAT (4477 FINSBURY PARK GBR`, `SAINSBURYS - STRAT STRATFORD EAS`, `SAINSBURYS SACAT (4210 MANSELL STREE GBR`, `SAINSBURYS SMKTS, HOLMES CHAPEL GB`, `SAINSBURYS S/MKTS, BERMONDSEY SQ GB`, `SAINSBURY'S - STRATFORD STRATFORD`, `SAINSBURYS SACAT 4321 GUYS HOSPITAL GBR`, `SAINSBURYS SACAT 4065 LONDON GBR`, `SAINSBURY'S BERMONDSEY`, `SAINSBURYS SACAT 4238 RICHMOND UPON GBR`, `SAINSBURYS SUPERMARKET LONDON`, `SAINSBURYS SACAT 2500 MAYFAIR GBR`]"
"Shangri-La - The Shard","https://www.shangri-la.com/en/london/shangrila/","75458058-18f4-402a-b44b-1d252f6b7813","","31 St Thomas St, London SE1 9QU, UK","51.50431","-0.0867845","","a893b82d-4317-493c-9501-5ec164452023","","","IBD3B0364539673F6","ChIJl5tV7FoDdkgRcHC9YrS_2Dk","7011","(?i)^SHANGRI-LA AT THE SHARD","[`SHANGRI-LA AT THE SHARD LONDON`]"
"Shell","https://www.shell.co.uk","95882890-92db-464c-97ca-6729698780ba","shell.co.uk.jpg","","","","a5686b19-a484-40d4-9f03-a7819a0e04ae","","","","","","5541","(?i)^SHELL\b","[`SHELL OLD INNS, GLASGOW GB`, `SHELL APP SHELL APP UNITED KINGDOM`, `SHELL TONBRIDGE`, `SHELL DURHAM`, `SHELL CREWE CREWE`, `SHELL WALKERS CLOC`, `SHELL 166GLASGOWROAD EDINBURGH GBR`, `SHELL SAXONDALE`, `SHELL ALFRETON ROAD DERBYSHIRE GBR`, `SHELL & WAITROSE`, `SHELL OLD STREET LONDON GBR`, `SHELL AQUEDUCT`, `SHELL CIRCLE 539, EDINBURGH GB`, `SHELL EASINGTONEAST SEAHAM GBR`, `SHELL PARK ROAD LONDON GBR`, `SHELL FLEET ROAD FLEET GB`, `SHELL SOUTH MERTON MORDEN`, `SHELL 051106 SHELL BEAC TYNE & WEAR`, `SHELL 052506 SHELL WES`, `SHELL DOCK ROAD CHATHAM GBR`, `SHELL BAGULEY, MANCHESTER GB`, `SHELL SNOW HILL WEST SUSSEX GBR`, `SHELL THURCASTON`, `SHELL A19 SEAHAM GBR`, `SHELL SKETTY, SWANSEA`, `SHELL NEWBURY ROAD BERKSHIRE GBR`, `SHELL RUSHDEN RUSHDEN GBR`, `SHELL NEWPORT 219, NEWPORT GB`, `SHELL CHORLTON`, `SHELL BURNT CM 199, WOKING`]"
"Sky","https://www.sky.com","580572f5-2e41-4667-afcc-a810763f46c2","sky.com.jpg","","","","dd9ef4e3-dcb3-4f27-a121-0a0af83a5b27","","","","","","4899","(?i)^SKY\*TV","[`SKY*TV`]"
"St Stephen's Tavern","https://ststephenstavern.co.uk","3f30dc7e-dbe4-4b6d-b558-2edafdd3c9e0","ststephenstavern.co.uk.png","","","","ca07d968-abe5-4ab5-8868-39d6bbae9d39","","","","","","5813","(?i)St Stephens Tavern","[`St Stephens Tavern - Lo London`]"
"Taxiworld","https://taxiworld.co.uk","96cd6ba7-d841-4272-8bab-de65dea7c443","taxiworld.co.uk.png","","","","cfc18400-14ce-401b-8855-da267c201933","","","","","","4121","(?i)TAXIWORLD","[`TAXIWORLD*LONDON TAXI 6 GLASGOW`]"
"Tesco","https://www.tesco.com","c2d2e19b-65c8-45da-a228-a5481328ea27","tesco.com.jpg","","","","a362513e-58ca-41b6-a5c0-e1dbd202d504","","","","","","5411","(?i)^TESCO\b","[`TESCO STORES 2019`, `TESCO STORES 3575`, `TESCO STORE 2163 BURGESS HILL GB`, `TESCO STORE 5745 DUNDEE`, `TESCO METRO 2405 DUNDEE`, `TESCO PAY AT PUMP 3875`, `TESCO PFS 2861 MAIDA VALE GBR`, `TESCO STORES 2733 CD`, `TESCO STORE 4375 4375TESCO STORE`, `TESCO PRAHA NOVY SMICH PRAHA 5 CZE`]"
"Three","https://www.three.co.uk","670e0010-792f-44a5-982d-b5e2f6ddcd66","three.co.uk.jpg","","","","dd9ef4e3-dcb3-4f27-a121-0a0af83a5b27","","","","","","4814","(?i)(?:^THREE\b|HUTCHISON 3G)","[`HUTCHISON 3G`]"
"Trainline","https://www.thetrainline.com","e8e95ca3-2341-4b90-855b-4238f441d3a9","thetrainline.com.jpg","","","","c6178482-0efa-44dd-8add-15dbb20a09df","","","","","","4112","(?i)TRAINLINE","[`TRAINLINE.COM`, `TRAINLINE.COM 08712 441 545 LU`, `TRAINLINE.COM LTD`, `THETRAINLINE.COM`, `AplPay TRAINLINE.COM`, `AplPay TRAINLINE PASSENGER RAILWAY`, `Trainline.com 08712 441 545LUX`]"
"Travelodge","https://travelodge.co.uk","25af0979-1412-43ea-90e6-f1175ab8521e","travelodge.co.uk.png","","","","e83de4ef-e05b-4219-9a02-70b8590c7cb0","","","","","","7011","(?i)Travelodge","[`TRAVELODG TRAVELODGE G, THAME`, `TRAVELODGE SYDAIR        MASCOT      NSW`]"
"UK.GOV","https://www.gov.uk/","f34fffcc-0f95-475e-92a3-a5bfe57cf902","gov.uk.jpg","","","","ca5c7d72-e1c0-4f93-89d1-92ff281198ba","","","","","","9399","(?i)^UKVI","[`UKVI ETAMOB12345678912   LONDON ## GBR MERCHANT`]"
"Vinted","https://www.vinted.co.uk","e2383bbb-09e5-42e3-9d45-73696c8fc3f5","vinted.co.uk.jpg","","","","b3c87990-a047-49e1-a28b-ce3a50737a06","","","","","","5651","(?i)^VINTED\b","[`VINTED`]"
"Virgin Media","https://www.virginmedia.com","dc442bec-a1cf-444a-af70-ee8d76485967","virginmedia.com.jpg","","","","dd9ef4e3-dcb3-4f27-a121-0a0af83a5b27","","","","","","4899","(?i)VIRGIN MEDIA","[`VIRGIN MEDIA`]"
"Vodafone","https://www.vodafone.co.uk","51d745ad-0e5c-4d50-a7f1-ac3c4726687b","vodafone.co.uk.jpg","","","","dd9ef4e3-dcb3-4f27-a121-0a0af83a5b27","","","","","","4814","(?i)^VODAFONE\b","[`VODAFONE LTD`]"
"Waitrose","https://www.waitrose.com","38832719-b730-4d05-a687-83eabe972508","waitrose.com.jpg","","","","a362513e-58ca-41b6-a5c0-e1dbd202d504","","","","","","5411","(?i)^WAITROSE\b","[`WAITROSE 529`, `WAITROSE 619 KINGS CROSS`, `WAITROSE 758 OUNDLE GB`]"
"Waterstone's","https://waterstones.com","0ae1f125-d969-4f0f-b384-9ef0fb7f41d5","waterstones.com.png","","","","186d9b38-6124-4811-89d6-b4970700059a","","","","","","5942","(?i)WATERSTONES","[`WATERSTONES, PICCADILLY`]"
